ID,Image ID,Captioning
1,1091500_579.jpg,A motorcyclist is mid-air against an orange-lit foggy background with wind turbines.
2, 20250119204532_1.jpg,A cybernetic soldier with a golden mask and glowing red eyes leans forward menacingly.
3, 20250119205012_1.jpg,A sleek futuristic black car with neon blue lighting is parked in a VIP section.
4, 20250119205214_1.jpg,A futuristic gold-plated luxury car with a sleek design is parked in a dim garage.
5, 20250119205318_1.jpg,A sleek futuristic black car with glowing blue accents is parked in a VIP sector.
6, 20250119205354_1.jpg,A first-person view inside a futuristic Rayfield car with a sleek digital dashboard.
7, 20250119205422_1.jpg,A menacing figure with cybernetic enhancements is pointing a gun while opening a car door in a futuristic setting.
8, 20250119205532_1.jpg,"A cybernetically enhanced man lies on the ground, restrained by an officer, as smoke rises"
9, 20250119205714_1.jpg,"A masked officer in tactical gear holds a glowing baton, viewed from a low angle."
10, 20250119205821_1.jpg,A cybernetic man with facial implants sits against a pillar in a cluttered urban alley.
11, 20250119210553_1.jpg,A tattooed woman with red hair aims a shotgun in a dimly lit hallway.
12, 20250119210953_1.jpg,A cybernetic woman with injuries lies unconscious in an ice-filled bathtub.
13, 20250119211145_1.jpg,A cybernetic woman lies unconscious on a wet floor as someone uses a medical device.
14, 20250119211229_1.jpg,A futuristic medical vehicle hovers over a neon-lit city as a wounded figure lies nearby.
15, 20250119211548_1.jpg,"A neon-lit rainy street with futuristic billboards, a few pedestrians, and a glowing skyline."
16, 20250119211606_1.jpg,"A neon-lit rainy cityscape with a red tree, digital billboards, and wet streets."
17, 20250119212158_1.jpg,A glowing billboard features a man with exaggerated breasts and bold text.
18, 20250119212402_1.jpg,A flying car hovers near neon-lit skyscrapers with holographic billboards and dark skies.
19, 20250119213658_1.jpg,A cyberpunk woman with short red hair and tattoos stands in a dimly lit room.
20, 20250119215740_1.jpg,A cybernetic doctor with glasses and tattoos leans on a table in dim lighting.
21, 20250119220342_1.jpg,A rugged black car with a reinforced front grille drives through a futuristic urban street.
22, 20250119220813_1.jpg,"A dense futuristic cityscape with old buildings, neon lights, smoke, and a lone pedestrian."
23, 20250119221116_1.jpg,A woman with short blonde hair and a choker faces a cybernetic man reclining.
24, 20250119221342_1.jpg,"A headless body in a green suit kneels amid fire, smoke, and urban destruction"
25, 20250119221457_1.jpg,"A muscular man with a gold cybernetic arm sits in a smoky, futuristic car"
26, 20250119222233_1.jpg,"A glowing pink tree stands amid futuristic buildings, with billboards and a clear sky"
27, 20250119222813_1.jpg,"A burning car explodes in a garage, with smoke, fire, and debris flying"
28, 20250119223105_1.jpg,A person with a weapon watches a burning car explode in a dark tunnel
29, 20250119223219_1.jpg,"A close-up of a person with glowing green eyes, facial scars, and cybernetic implants"
30, 20250119223417_1.jpg,"A person in a green jacket lies lifeless with a cybernetic face and mohawk, while a hand holds a futuristic gun"
31, 20250119223853_1.jpg,A cybernetic man with glowing red eyes and blue hair points a futuristic gun forward
32, 20250119224727_1.jpg,A cybernetic figure with glowing red eyes and metallic implants stands in a dim room
33, 20250119225040_1.jpg,A cybernetic figure with a glowing eye sits near a holographic spider-like robot in a dark room
34, 20250119225251_1.jpg,A bearded cybernetic man with glowing red eyes faces a gun to his throat
35, 20250119230801_1.jpg,"A cybernetic man with glowing red eyes smokes, wires and tubes connected to him"
36, 20250119231305_1.jpg,"A cybernetic woman with facial implants smokes, standing before armored vehicles with bright lights"
37, 20250119231412_1.jpg,A futuristic armored Militech vehicle with bright headlights is parked near hovering aircraft
38, 20250119231836_1.jpg,"A digital message titled ""Piss on His Grave"" contains aggressive threats against V"
39, 20250119232309_1.jpg,"Two stylish women sit at a neon-lit bar, one holding a drink confidently"
40, 20250120202447_1.jpg,A stylish woman with blue hair and a fur coat smokes in a dimly lit lounge
41, 20250120202950_1.jpg,A dimly lit corridor with glowing pink lights and intricate floral wall designs
42, 20250120203743_1.jpg,"A woman with colorful hair, cybernetic implant, and tattoos sits near a neon bar sign"
43, 20250120212000_1.jpg,"A man in a tank top is hit by a bright explosion, sparks flying around"
44, 20250120212311_1.jpg,"A large explosion engulfs a metal container, with fire, sparks, and debris flying"
45, 20250120221012_1.jpg,"A dimly lit futuristic alleyway with neon lights, graffiti, scattered trash, and debris"
46, 20250122121812_1.jpg,A bearded man in a dark beanie and armored vest gestures in a dim hallway
47, 20250122131313_1.jpg,A woman in tactical gear hangs upside down near metal railings with dim lighting
48, 20250122135430_1.jpg,A gunman with red hair aims at a masked enemy wielding a bloodied bat
49, 20250122135847_1.jpg,A mutilated body with cybernetic implants lies on a bloodied surface in dim lighting
50, 20250122141011_1.jpg,A woman with cybernetic features runs through a wet neon-lit alley at night
51, 20250128231401_1.jpg,A cybernetic man with glowing implants lies on a table as a technician examines him
52, 20250128232705_1.jpg,A rider with pink hair speeds on a sleek black motorcycle through a neon-lit city
53, 20250128233132_1.jpg,A cybernetic man in a suit with glowing eyes sits in a dimly lit car.
54, 20250202171313_1.jpg,"A golden humanoid figure in a suit holds a tablet in a luxurious, dimly lit room."
55, 20250202172317_1.jpg,"A holographic robotic spider is projected on a table, with two figures in the background."
56, 20250202173759_1.jpg,A woman with cybernetic facial implants aims a customized pistol with neon accents.
57, 20250202174223_1.jpg,A hand with painted nails grips a futuristic pistol with engraved markings and neon lighting
58, 20250202174819_1.jpg,Two men with cybernetic enhancements stand in a dimly lit room with elegant decor
59, 20250202174942_1.jpg,"A man in a shiny jacket kneels over an older man, grabbing his throat"
60, 20250202175237_1.jpg,A man holding a briefcase is thrown backward by an explosion with flying debris
61, 20250202181021_1.jpg,"A wounded man with cybernetic implants sits in a car, blood on his face"
62, 20250202181212_1.jpg,"A cybernetic man with bloodied lips slumps in a car, a hand on his shoulder"
63, 20250202181405_1.jpg,"A neon sign reads ""NO-TELL MOTEL >>>"" on a dimly lit wall with red lighting"
64, 20250202181717_1.jpg,"A large man in sunglasses aims a gun, while another stands behind watching"
65, 20250202181731_1.jpg,A heavily distorted image with blue and purple digital glitches obscuring the background
66, 20250202182003_1.jpg,A man with a headband and mustache stares intensely in a dimly lit warehouse
67, 20250202182042_1.jpg,A person in a leather jacket stands near a futuristic aircraft in a neon-lit city
68, 20250202182118_1.jpg,A robotic hand reaches toward a neon-lit building as a lone figure stands below
69, 20250202182428_1.jpg,A woman with a pistol and a cybernetic-armed man aim weapons in a dim room
70, 20250202182712_1.jpg,A gray duffel bag holds a high-tech explosive device with glowing red lights
71, 20250202182937_1.jpg,"A restrained figure is struck by a deadly laser trap, causing sparks and blood"
72, 20250202183133_1.jpg,A fierce-looking woman with a mohawk grips an injured arm inside a futuristic setting
73, 20250202183242_1.jpg,A stern man in a futuristic suit and sunglasses stands before a distant explosion
74, 20250202183802_1.jpg,"A man in a dark coat shoots another with a cybernetic arm, causing blood splatter"
75, 20250202183946_1.jpg,A cybernetic biker with glowing red eyes rides a futuristic motorcycle in a neon-lit city.
76, 20250202184210_1.jpg,A burning cybernetic figure leans over a wrecked car as smoke and sparks rise.
77, 20250202184609_1.jpg,"A man sits at a cluttered workstation in a dimly lit, neon-lit cybernetic lab."
78, 20250202185440_1.jpg,A person with neon green nails holds a metallic necklace with a barbed wire pendant.
79, 20250202190026_1.jpg,A cybernetic woman with glowing eyes raises two fingers in a dimly lit room.
80, 20250202190258_1.jpg,A muscular man with vibrant tattoos walks in a dimly lit urban environment.
81, 20250202190752_1.jpg,A rugged man in a plaid jacket stands in a cluttered futuristic apartment.
82, 20250202190939_1.jpg,A heavily armored police officer with a mustache stands confidently in a neon-lit city.
83, 20250204230547_1.jpg,A stern police officer in tactical gear and sunglasses stands guard in a neon-lit city.
84, 20250204232825_1.jpg,A black futuristic car is suspended in a workshop with robotic arms and lasers.
85, 20250204234934_1.jpg,An elderly woman with glasses and pinned-back hair sits in a dimly lit room.
86, 20250205000929_1.jpg,"A cybernetic humanoid is disintegrating mid-explosion, with debris and sparks flying everywhere."
87, 20250205001143_1.jpg,A lone motorcyclist rides through a neon-lit rainy cityscape with reflective wet streets.
88, 20250205002058_1.jpg,A fiery explosion engulfs two figures near a futuristic bench and neon-lit building.
89, 20250205002124_1.jpg,"A cybernetic figure is engulfed in fire and sparks, with debris flying around."
90, 20250205002243_1.jpg,"Two heavily mutilated bodies lie on a metallic floor, with blood and synthetic fluids."
91, 20250205002446_1.jpg,A masked figure in tactical gear stands amid bright explosions and flying debris
92, 20250205003020_1.jpg,A sad woman with short blonde hair and punk attire sits in a neon-lit alley
93, 20250205003333_1.jpg,Three posters display tattooed women in provocative poses with cybernetic and religious themes
94, 20250205003649_1.jpg,A woman in punk-style clothing sits on a couch near a glowing ritual symbol
95, 20250205004228_1.jpg,"A memorial altar with framed photos, candles, skull decorations, and a small fire burning"
96, 20250205004416_1.jpg,A silver-haired woman in a leather vest raises a small object near an altar
97, 20250205004804_1.jpg,"A framed portrait of a man with facial cracks, lit candles, beads, and an urn."
98, 20250205005045_1.jpg,A muscular bartender with cybernetic fingers leans on a counter in a neon-lit bar.
99, 20250205011819_1.jpg,A glowing blue holographic screen displays orchids and a memorial message for a tortoise named Andrew.
100, 20250206214005_1.jpg,A heavily tattooed man in sunglasses is struck by electricity amid flying sparks
101, 20250206214255_1.jpg,"A broken fire hydrant sprays water near a dismembered, bloodied body on cracked pavement"
102, 20250206215706_1.jpg,"A woman with red hair, glowing green eyes, and facial tattoos aims a large rifle"
103, 20250206215946_1.jpg,A scoped weapon aims at an explosion near cars in a futuristic cityscape
104, 20250206220324_1.jpg,A fiery explosion engulfs a narrow alley as a fallen armored figure lies nearby.
105, 20250206221206_1.jpg,"A man with long hair, sunglasses, and a cybernetic arm sits in dim lighting."
106, 20250206224144_1.jpg,"A woman with green hair, tattoos, and a mask fires a gun in daylight."
107, 20250206225550_1.jpg,A damaged black taxi with glowing headlights is precariously perched on a crumbling ledge.
108, 20250206234748_1.jpg,A motorcyclist performs a wheelie on a wet street surrounded by neon lights.
109, 20250207155617_1.jpg,"A man with long hair, sunglasses, and a cybernetic hand gazes over a futuristic city."
110, 20250207155701_1.jpg,"A man with long hair, sunglasses, and a cybernetic arm smiles while overlooking the ocean."
111, 20250207161840_1.jpg,A person with cybernetic enhancements fires a gun from a moving car amid sparks and explosions.
112, 20250207162831_1.jpg,"A person with a cybernetic face rides a futuristic motorcycle through a dusty, orange-lit street."
113, 20250209103328_1.jpg,"A futuristic inventory screen displays weapons, drinks, and a consumable called Jackie Welles."
114, 20250209110602_1.jpg,"Gunfire hits a storefront with bullet streaks, sparks, and smoke near an ""Open"" sign."
115, 20250209171558_1.jpg,"A woman with tattoos, cybernetic neck implants, and asymmetrical hair sits in a dimly lit tech-filled room."
116, 20250209173843_1.jpg,"A police officer leans out of a futuristic car, aiming a rifle amid an explosion."
117, 20250209174302_1.jpg,"A fallen police officer lies behind a riot shield, gripping a shotgun near a patrol car."
118, 20250209175004_1.jpg,A wounded woman lies on top of a futuristic Trauma Team ambulance near stairs.
119, 20250209175505_1.jpg,A cyberpunk-style character with a green mask and glowing implants dodges incoming bullets.
120, 20250209180921_1.jpg,A first-person view of a distorted cybernetic glitch with red enemy indicators nearby.
121, 20250209225421_1.jpg,"A provocative billboard advertising ""Bawdy Dog"" with a topless figure and two dogs."
122, 20250209225627_1.jpg,A woman with blue hair and tattoos types on a futuristic laptop in neon lighting.
123, 20250209230015_1.jpg,"A woman with short red hair, glowing earrings, and cybernetic skin sits in dim lighting."
124, 20250209230459_1.jpg,A woman with glowing earrings and cybernetic fingers lies in dim purple lighting.
125, 20250209231044_1.jpg,A kneeling man interacts with a red holographic woman in a dimly lit room.
126, 20250209233854_1.jpg,A man with long hair and a cybernetic arm sits on a concrete barrier.
127, 20250209234227_1.jpg,"A futuristic, neon-lit display of metallic mannequins wearing erotic accessories and surrounded by various adult toys"
128, 20250209234347_1.jpg,"A bald, tattooed figure in revealing attire holds a device beside a restrained woman"
129, 20250209234515_1.jpg,A woman with blue hair and a mechanical mouthpiece lies restrained as a figure holds a glowing device
130, 20250210001944_1.jpg,A woman with short purple hair and bruised face is held by a cybernetic arm
131, 20250210002057_1.jpg,A person with cybernetic arms holds a device with a golden emblem in the rain
132, 20250210002221_1.jpg,"A video game quest menu shows multiple objectives, with ""Venus in Furs"" highlighted"
133, 20250210002440_1.jpg,A woman sits at a futuristic computer setup with glowing screens and blue lights
134, 20250210004452_1.jpg,A stylish woman in leather sits on a neon-lit couch in a futuristic room
135, 20250210004613_1.jpg,A digital message screen shows a conversation with Meredith Stout arranging a secret meeting
136, 20250210004617_1.jpg,"A pink leopard-print bed with a highlighted weapon called ""Sir John Phallustiff"" displayed"
137, 20250210210829_1.jpg,A futuristic armored figure with glowing sleeves and multi-lens goggles stands confidently indoors
138, 20250210211327_1.jpg,A chaotic urban shootout unfolds with police and armed individuals exchanging gunfire
139, 20250210214851_1.jpg,"A futuristic pink and blue motorcycle lies on the ground, partially engulfed in flames"
140, 20250210221150_1.jpg,"A cybernetic woman with red hair holds a bat indoors, wearing futuristic attire"
141, 20250210224045_1.jpg,"A futuristic game interface displays a phallic-shaped weapon named ""Sir John Phallustiff""."
142, 20250210225601_1.jpg,A cybernetic hand grips a futuristic MIlitech heavy machine gun with an ammo belt.
143, 20250210231130_1.jpg,A woman in futuristic armor holds a large sniper rifle in a dimly lit tent.
144, 20250210234942_1.jpg,A woman in a red jacket drinks from a bottle in a neon-lit diner.
145, 20250211194439_1.jpg,A vehicle's reinforced windshield frames a missile launch explosion in a futuristic wasteland.
146, 20250211194508_1.jpg,A person fires a rocket launcher at a flying target in a futuristic wasteland.
147, 20250211203516_1.jpg,A man with a robotic arm leans in aggressively toward another man in a suit.
148, 20250211210227_1.jpg,A woman with dark hair and bold makeup sits in a futuristic car at night.
149, 20250211215220_1.jpg,A woman in futuristic armor sits near a glowing heater in a dimly lit room.
150, 20250211220637_1.jpg,A futuristic turret fires blue energy blasts while mounted on a ceiling in a city.
151, 20250211222229_1.jpg,"A large rock features a painted flaming ""A"" symbol in a desert landscape."
152, 20250211222711_1.jpg,"A rugged off-road car with ""Aldecaldos"" branding fires weapons in a desert setting."
153, 20250211223049_1.jpg,A heavily armored vehicle with a bull skull on the hood sits on a highway.
154, 20250211223109_1.jpg,A hooded figure with a bloody arm slumps over inside a rugged armored vehicle.
155, 20250211223222_1.jpg,A burning armored vehicle soars off a broken bridge amid explosions in a desert.
156, 20250211223547_1.jpg,A close-up of a cybernetic eye with a glowing green ring and gold implants.
157, 20250211223611_1.jpg,A man with a cybernetic arm sits in a chair holding a drink outside.
158, 20250212201403_1.jpg,A fiery explosion with smoke expands against a dark sky with glowing embers.
159, 20250212213316_1.jpg,"A dusty encampment with people gathered, seen through a clear plastic sheet reflection."
160, 20250212214331_1.jpg,A woman with dark braided hair and a red jacket stands in a desert outpost.
161, 20250212214552_1.jpg,A man in a cowboy hat plays a worn guitar beside a rugged armored truck.
162, 20250212215506_1.jpg,A dusty road stretches through a desert landscape filled with rusted wind turbines.
163, 20250212220059_1.jpg,A woman with red hair leans on a graffiti-covered barrier in a futuristic city.
164, 20250213185107_1.jpg,"A man with a robotic arm lies dead on the ground, leaving a blood trail."
165, 20250213192332_1.jpg,A bald man with a cybernetic eye and fur coat smirks in a neon-lit room.
166, 20250213195709_1.jpg,A large digital painting with a distorted planet and swirling colorful textures.
167, 20250213203431_1.jpg,A futuristic hovering armored vehicle in a desert with wind turbines and wreckage.
168, 20250213213625_1.jpg,A holographic man with sunglasses and cybernetic arms leans near a futuristic computer screen.
169, 20250213223413_1.jpg,A dimly lit bathroom with a trash bin and drugs found near the shower.
170, 20250213231153_1.jpg,"A dark industrial facility with empty workstations, robotic arms, and dim overhead lighting."
171, 20250213231240_1.jpg,"A restrained person lies on a metal table, connected to a machine by tubes."
172, 20250214153336_1.jpg,A rugged off-road vehicle with a trans pride flag sticker on its tailgate.
173, 20250214165508_1.jpg,A cybernetic monk sits in meditation surrounded by glowing candles in a dim setting.
174, 20250214171247_1.jpg,"A heavily armored soldier lies dead against a wall, surrounded by blood splatters."
175, 20250214172015_1.jpg,A futuristic mural of a figure with a glowing sun head and cityscape body.
176, 20250214173959_1.jpg,"A woman with dark hair sits on a ledge at sunset, looking sad."
177, 20250214174528_1.jpg,A woman with dark hair and overalls stands confidently against a sunset-lit cityscape.
178, 20250214180158_1.jpg,"A ritualistic crime scene with bodies, blood, neon lights, and a painted face symbol."
179, 20250214180404_1.jpg,Severed limbs covered in blood on a metallic surface with tools and a case.
180, 20250214180526_1.jpg,A cybernetic woman with glowing eyes sits on a bloodstained machine in a warehouse.
181, 20250214192348_1.jpg,A muscular man with a cybernetic eye and red tank top sits overlooking a city.
182, 20250215133201_1.jpg,A bloodied man with a cybernetic arm lies lifeless in a junkyard.
183, 20250215140632_1.jpg,Three bloodied bodies lie on a rain-soaked yacht deck surrounded by overturned furniture
184, 20250215143358_1.jpg,"A heavily armed police officer fires a weapon, with muzzle flashes illuminating the scene"
185, 20250215145716_1.jpg,A man crawls from an overturned car as flames engulf the background
186, 20250215145813_1.jpg,A strong woman with a gun stands ready in the rain under industrial lights
187, 20250215145956_1.jpg,A woman aims a gun at a wounded man near a burning overturned vehicle
188, 20250215150919_1.jpg,A message from Joss Kutcher updates V on Randy's recovery with an attached photo
189, 20250216175343_1.jpg,A figure in a long coat and mask holds a gun to their own head
190, 20250216182024_1.jpg,"A cybernetic figure with glowing red eyes is shot in the head, sparks flying"
191, 20250216184206_1.jpg,A painting of a blindfolded man with a cane and dog walking off a ledge
192, 20250216233607_1.jpg,"A futuristic street scene with explosions, a distorted wall, a standing figure, and a fallen person"
193, 20250216235555_1.jpg,"A vending machine with a cartoon face, bright pink display, and graffiti-covered walls"
194, 20250217002647_1.jpg,"A cyberpunk-style character with cybernetic implants, metallic sleeves, and a futuristic city background"
195, 20250217002817_1.jpg,A man with a cybernetic arm crouches beside a homeless person holding a sign
196, 20250217003041_1.jpg,A woman with glasses and braided hair sits in a dimly lit medical room
197, 20250217005050_1.jpg,"A woman with a side-cut hairstyle, cybernetic armband, and goggles stands confidently"
198, 20250218134458_1.jpg,"A waterfall cascades down rocky cliffs into a misty pool, surrounded by dense jungle"
199, 20250218141331_1.jpg,"A glowing moon, two neon-lit howling wolves, and graffiti text reading ""Wolves only howl at night"""
200, 20250218141754_1.jpg,A bright fire burns among dense green jungle vegetation with tall trees and smoke rising
201, 20250218142033_1.jpg,A large golden eagle statue with intricate details stands against a futuristic cityscape
202, 20250218145437_1.jpg,"A bullet flies through the air, causing red laser streaks and bright sparks."
203, 20250218150941_1.jpg,A woman with blue eyes and dark hair smokes in a neon-lit graffiti-covered room.
204, 20250219200649_1.jpg,A woman with green-highlighted hair and tattoos sits in a dimly lit bathroom.
205, 20250219200717_1.jpg,"A woman with short black hair lies in a blood-filled bathtub, appearing lifeless."
206, 20250219200930_1.jpg,"A cybernetic hand holds an open cigarette case with a neon card labeled ""Clouds""."
207, 20250219201244_1.jpg,A woman with cybernetic arms and colorful hair lights a cigarette in a futuristic city.
208, 20250219201257_1.jpg,A woman with tattoos and cybernetic enhancements smokes on a rooftop overlooking a futuristic city
209, 20250219203142_1.jpg,A crowd gathers before a speaker as red holographic skull imagery and lasers illuminate.
210, 20250219212323_1.jpg,A glowing blue cryptic symbol with runes and crosses is painted on a wall.
211, 20250219213510_1.jpg,A woman with cybernetic arm implants sits on a couch wearing a white bra.
212, 20250219220427_1.jpg,"A woman with a mohawk, choker, and cyberpunk outfit stands confidently. A man in a coat faces away."
213, 20250219230407_1.jpg,A massive cybernetic man with glowing implants and damaged skin glares intensely forward
214, 20250219233929_1.jpg,A muscular man with wild hair sits in a vehicle with a grenade embedded as his nose.
215, 20250220000408_1.jpg,A cloud of dark purple smoke with glowing embers rises in a narrow alley
216, 20250220000609_1.jpg,"A female character in a futuristic outfit selects ""Ozob's Nose,"" an iconic grenade."
217, 20250220194915_1.jpg,A close-up of a man with wild hair and a grenade embedded as his nose.
218, 20250220200333_1.jpg,"A character skill tree highlights the ""Spillover"" perk, enhancing quickhack spread during Overclock."
219, 20250223003848_1.jpg,A woman with short blonde hair and red eyes leans on a futuristic bar.
220, 20250223012818_1.jpg,A humanoid robot with green glowing eyes raises its hands while sitting indoors.