id,images,captions
1,20250518134208_1,A shirtless man is connected to a heart monitor showing 82 BPM during interrogation.
1,20250530003847_1,A small yellow biplane flies under a starry night sky above distant mountains.
1,20250530005218_1,"A large airplane with an exploding wing flies in a blue sky above Bolingbroke Penitentiary, shown with a minimap inset."
1,20250605151149_1,A gray twin-engine propeller airplane with rounded wingtips flies in a cloudy blue sky.
1,20250614190010_1,A silhouetted person leaps toward a large full moon in a starry purple night sky with clouds and city lights below
1,20250819201346_1,"An orange cat carrying a bucket in its mouth walks on a pipe in a dark, pipe-filled industrial room"
1,20250518134316_1,A man holds sparking blue electric clips toward a shirtless seated man in a dim industrial room with control prompt overlay
1,20250518135708_1,A man holds a device to the head of a shirtless seated man wired to a heartbeat monitor in a dimly lit industrial room
1,20250523182401_1,A person with dreadlocks and blistered muddy skin raises hands in a cluttered kitchen with posters and fridge
1,20250526183533_1,"A green and yellow submersible vehicle rests on sandy ocean floor amid colorful glowing plants, with minimap showing 2m depth"
1,20250601134707_1,A person climbs into a black V12 SUV with broken window and license plate 20LKR638 near fire at night
1,20250604011706_1,Two topless women with blonde and black hair stand close in a dimly lit room with red curtains and game controls overlay
1,20250605150033_1,A man in a blue coat aims a pistol at the camera in a snowy night scene with a fence
1,20250605150110_1,"A nighttime standoff between two men with guns in a snowy graveyard, one aiming and one defending."
1,20250605150811_1,A man in a car is threatened by another holding a rifle in a snowy night scene
1,20250605150816_1,A man in a black coat and cap aims a pistol in a snowy night scene with a church and stained glass window
1,20250606013553_1,Two men are pouring liquid from red containers onto the floor inside an office room.
1,20250606013625_1,"A man in a plaid shirt holds a blue bin near an office, with red containers nearby."
1,20250606020718_1,"Four men stand on a balcony, two in suits, all pointing handguns at each other."
1,20250606020754_1,Armed agents in FIB vests and suits aim guns at each other outside.
1,20250606113615_1,A man in a suit lies resting peacefully on a couch indoors.
1,20250606114443_1,A shirtless man with short hair and facial piercings looks downward indoors.
1,20250607224017_1,"The image shows a soldier using night vision, subduing a suspect with a baton."
1,20250608011748_1,"The image shows three characters pushing a car during sunset, with a scenic view."
1,20250608225816_1,A person is standing on the railing of a red and white striped industrial chimney at night.
1,20250608225845_1,"A man is reaching down to grab another person's hand, holding onto a railing."
1,20250608225903_1,A person is looking down from a red industrial railing at the ground below.
1,20250608230906_1,"A man with a stern expression sits in a red vehicle, holding up his hand."
1,20250614185940_1,"A helicopter flies over a city skyline at sunset, with a blimp in the sky."
1,20250819200641_1,A curious orange cat with large eyes is peeking over a ledge with green leaves.
1,20250819201012_1,A small cat faces a surveillance camera with a red light in a dim alley.
1,20250819201118_1,"A cat stands before a neon ""HELP"" sign on a dark, rundown building."
1,20250819201617_1,A cat faces a crawling robot with a glowing green screen in a grimy alley.
1,20250819201626_1,"An orange cat sniffs a fallen robot’s head in a dirty, green-lit alley."
1,20250819201705_1,"Glowing-eyed creatures surround trash bags and stairs in a dim, eerie alleyway."
1,20250819203514_1,A cat in a bucket travels along a cable above glowing orange creatures.
1,20250819204458_1,An orange cat with a small harness naps on a striped bed in a cozy room.
1,20250819212008_1,"A cat sits in a hanging bucket, suspended by cables above a foggy city."
1,20250820144108_2,A narrow alley filled with debris and glowing red-eyed robots under harsh sunlight.
1,20250820144109_2,"A sunlit alley cluttered with debris, an abandoned vehicle, and two glowing-eyed robots."
1,20250518115652_1,"Four men are gathered at an outdoor café table, engaged in a serious discussion."
1,20250518120431_1,"Three men stand beside a helicopter in an industrial yard, seemingly mid-conversation or confrontation."
1,20250529234851_1,A small jet is on fire mid-air near a large observatory on a hillside.
1,20250602233108_1,Several freight train cars are parked beside an industrial warehouse along multiple railway tracks.
1,20250605143844_1,A man in a tank top with tattoos is near firefighters and a fire on the road.
1,20250606002137_2,"Three men are in a dimly lit room, with one man hanging upside down, injured."
1,20250606012212_1,"A red fire truck labeled ""32"" sprays water from its roof cannon on a street."
1,20250606013505_1,"A brick building with arched windows displays a large rooftop sign reading ""DARNELL BROS"".
"
1,20250606014848_1,Four firefighters in full gear exit an elevator on floor 1 of a building.
1,20250606020952_1,A man holding a rifle stands on a balcony overlooking a courtyard sculpture.
1,20250606113614_1,A large Mediterranean-style villa with ivy-covered walls stands beside a calm swimming pool.
1,20250608012739_1,A man stands shocked in a cluttered room while a woman faces him closely.
1,20250608012751_1,An older woman with red hair and leopard print dress stands inside a cluttered room.
1,20250608230809_1,A man with a gun tucked behind approaches another sitting in a red truck at night in woods.
1,20250608231307_1,A man stands watching another man on the ground near a red truck and orange tanker.
1,20250608231326_1,"A fiery explosion from a truck, with crates and two figures sitting nearby."
1,20250608231338_1,"Two men are standing in an industrial area, one in a suit, the other in casual clothes."
1,20250614185955_1,"Two bikers ride past a ""Los Santos Airbase Bunker"" sign in a desert area."
1,20250819195704_1,Three cats stand in a sunlit tunnel overgrown with vines and plants.
1,20250819195812_1,Two cats walk closely together on a mossy floor covered with green plants.
1,20250819195825_2,Two cats sit closely together on a mossy ledge beside large metal pipes.
1,20250819195913_1,Four cats are curled up sleeping on a piece of cardboard amid greenery.
1,20250819200631_1,A small orange cat stands on a sunlit pipe surrounded by green plants.
1,20250819201629_1,A small orange cat examines a broken robot lying on a dirty floor.
1,20250819212714_1,"A person in a floral shirt is typing on a computer displaying green code, with a robot and cat nearby."
1,20250819224158_1,"A wooden bridge leads to a treehouse with glowing lights, surrounded by plants and trees."
1,20250819234356_1,"A cat is sleeping on a patterned pillow, with colorful neon lights in the background."
1,20250518134328_1,A man in an orange shirt uses electrical clips on a restrained shirtless man.
1,20250518135503_1,A shirtless man is tied down with wires on his chest while water is poured over his face.
1,20250518142401_1,"A man in a suit sits in a chair with his feet up, facing bright light."
1,20250605141017_1,"Two people stand on top of a building with a large ""MAZE"" sign."
1,20250605145512_1,"A small twin-engine plane flies through a dark, stormy sky with lightning nearby."
1,20250605145723_1,A man in a puffer jacket stands in a snowy graveyard under a full moon.
1,20250605145828_1,A man in a puffer jacket digs with a shovel in a graveyard at night.
1,20250606011139_1,A black car with bright taillights drives on a wet city road at night.
1,20250606020713_1,"Two men are aiming pistols in the sunset, with one wearing a FIB badge."
1,20250606020816_1,"A man’s head is injured with blood and brain exposed, others stand nearby holding guns."
1,20250606020937_1,"A helicopter hovers above a statue, with banners and two armed figures below."
1,20250608000428_1,A man watches two women in revealing outfits talking in a brightly lit dressing room.
1,20250608000654_1,"The image shows a large hole in a wall with smoke and debris, and a fire extinguisher nearby."
1,20250608011756_1,"The image shows three men standing outdoors, one with blood on his shirt."
1,20250608225721_1,"A person sits on a rusted platform at night, overlooking distant lights and structures."
1,20250608225820_1,"The image shows two men facing off on a metal platform at night, with wind turbines in the background."
1,20250608225947_1,"The image shows a man on the phone at night, with industrial structures and stars above."
1,20250608230002_1,"The image shows a dark industrial area with a road, pipes, and a warning sign overhead."
1,20250608230849_1,"A man with a distressed expression stands inside a red, damaged vehicle at dusk."
1,20250608230920_1,"A man in a white shirt exits a red, damaged vehicle, appearing agitated."
1,20250608230929_1,"A man in a black shirt points a gun, with a train wreck in the background."
1,20250608231259_1,"Two men walk, one in a suit and the other in a black shirt."
1,20250608231334_1,"Two men are in a fiery explosion, one holding a gun and another in a suit."
1,20250614185939_1,"A helicopter flies against a sunset backdrop, above a mountain and helipad."
1,20250614190000_1,"Several rifles are displayed on a wooden rack, surrounded by wooden crates and green boxes."
1,20250614190013_2,"A person fires a minigun while another holds a rifle, with city buildings in the background."
1,20250819200010_1,"A cat walks through a mossy, overgrown area with two others in the background."
1,20250819200636_2,"A ginger cat climbs a large metallic pipe, surrounded by green plants and foliage."
1,20250819215415_1,"A dark, foggy alley with glowing orange mushrooms, overgrown plants, and a set of stairs."
1,20250819225736_1,A ginger cat with a harness walks through a dimly lit room with cluttered furniture.
1,20250820144033_1,"An orange cat sleeps on the floor, cuddling a small metallic robotic device."
1,20250820144106_2,Glowing red-eyed creatures crawl across a littered alley with a three-wheeler and bicycle.
1,20250820144107_1,"A narrow alley with scattered debris, damaged buildings, and glowing robotic spheres."
1,20250820144119_1,"A robot with a screen face displaying a neutral expression, wearing a golden mushroom hat."
1,20250518124256_1,Two people sitting on a bench near a hot dog stand and a Ferris wheel.
1,20250518131009_1,A pink convertible car is parked on the roadside with its door open.
1,20250526184133_1,A car drives up a hill with a bridge in the background and sun glare.
1,20250528231000_1,"The BAWSAQ stock market interface shows a portfolio with a profit of $132,584.81."
1,20250530005019_1,Two fighter jets fly above a city with hills and water in the background.
1,20250602232246_1,A large weapon barrel with power lines and a cactus in the background.
1,20250605152048_1,"A black sports car drives through rain on a street, splashing water near houses."
1,20250606014748_1,A massive fiery explosion with debris and money flying through the air at night.
1,20250606014752_1,"A tall building with ""FIB"" on it is on fire amid city lights at night."
1,20250606014856_1,Four firefighters wearing helmets and gear stand together inside a small elevator.
1,20250606020741_1,"A tense standoff between armed agents and suited men at dusk, with mountains behind."
1,20250606020947_1,A man in a suit holds a rifle near a shattered railing on a building balcony.
1,20250607222927_1,"A long black limousine is parked at night, with a phone call interface visible."
1,20250607222946_1,A black limousine is parked by a red carpet event with photographers and guests outside.
1,20250608001004_1,A man in a suit stands outside a tunnel entrance as explosions and fire erupt inside.
1,20250608001139_1,A man in a black suit and mask stands in a tunnel construction site with rubble.
1,20250608012920_1,A man with a distressed expression grips a woman in a leopard-print dress from behind.
1,20250608020405_1,"A man in a suit, a woman in pajamas, and another man sit on a couch."
1,20250608225533_1,A person walks on a rusted metal walkway at night with wind turbines in the background.
1,20250608231322_1,"A person is engulfed in flames, lying on the ground near a truck."
1,20250608235344_1,A man in a suit sits on a bed with a woman lying beside him.
1,20250614190016_1,A man in a leather jacket walks past a taxi near an airport terminal.
1,20250614190020_1,A soldier with a rifle stands near military vehicles and satellite dishes.
1,20250819195656_1,"A cat sits in a lush, overgrown environment with pipes and greenery around."
1,20250819195805_1,Two cats are playfully fighting on grass near a large rusted pipe in a dark setting
1,20250820001656_1,A black cat sits under a large machine with glowing yellow grid patterns on the floor
1,20250820144110_2,"A narrow, litter-filled alleyway with scattered boxes, a small vehicle, and colorful signs"
1,20250820144126_1,"The image shows a small urban area with crowded buildings, greenery, and several people walking."
1,20250518120728_1,The image shows a helicopter with two figures: one pilot and a person rappelling.
1,20250518130030_1,"The image shows two men talking near a dumpster, one holding a camera."
1,20250518135747_1,"A man with a scruffy appearance holds pliers, looking angry in a dimly lit room."
1,20250518140051_1,"A shirtless man sits in a chair with electrodes, two men stand beside him in dim light."
1,20250518140120_1,A shirtless man slumps tiredly on stairs while another man in red shirt supports him.
1,20250518144247_1,A small red and white airplane flies above a canyon between tall mountains under the sun.
1,20250518145419_1,A fiery explosion with smoke and debris erupts on a grassy field near a coastline.
1,20250523165252_1,"A man in a dark hoodie is smoking from a large red bong, overlooking a cityscape at night."
1,20250526183428_1,"A submersible with yellow tanks explores a dark, colorful underwater scene with coral."
1,20250527001241_1,"A black car parked on a quiet road at night, with stars and a crescent moon."
1,20250530005054_1,A large cargo plane flies above a city skyline with smaller jets nearby.
1,20250603020557_1,A helicopter flies at night with the moon and stars visible behind it.
1,20250605145628_1,A small plane flies through heavy rain at night with storm clouds ahead.
1,20250605150118_1,A man in a brown coat hides behind cover in snowy night while another armed man approaches.
1,20250606002150_1,A man in a white tank top hangs upside down with visible injuries.
1,20250606011847_1,A red fire truck sprays water on a road near a truck towing a boat.
1,20250606014749_1,"The image shows a tall building exploding with debris, flames, and smoke in a night scene."
1,20250606020709_1,"Four men are pointing guns at each other, with a tense confrontation taking place outdoors."
1,20250606020744_1,"Four armed agents in tactical gear point guns, with one man speaking."
1,20250606020945_1,A man in a suit holding a rifle aims toward another person on a rooftop.
1,20250608010417_1,"Two men are seated on a ferris wheel at night, one aiming a gun."
1,20250608011604_1,A vibrant sunset over the ocean with scattered rocks and silhouetted distant islands.
1,20250608011808_1,Three men stand on a dirt path in a rural area with rocky terrain.
1,20250608225802_1,A person is lying on a metal structure with a hand gripping another's arm.
1,20250608231328_1,A person is engulfed in flames while another figure stands in the background.
1,20250819200002_1,"A sleeping cat rests on a grassy surface, surrounded by soft green plants and flowers."
1,20250819200003_1,"A cat lies in a grassy environment, staring ahead with focused eyes amidst green plants."
1,20250819200656_1,"A lone orange cat lies unmoving in a dark, blue-lit area surrounded by litter."
1,20250819202124_1,A teal-lit room displays multiple glowing screen interfaces with Follow Me text and cat icons.
1,20250819203044_1,An orange cat swiftly swipes at a small flying robot in a dim room.
1,20250819211907_1,"A foggy, green-lit construction site with cranes, high walls, and distant glowing city lights."
1,20250819221444_1,An orange cat wearing a harness sits by water in a dimly lit industrial facility.
1,20250819224454_1,An orange cat faces a cluster of stacked monitors showing static in a warmly-lit cozy room.
1,20250820144019_1,"An orange cat lies on a carpet, nuzzling a small robot, near a rolling chair."
1,20250820144107_2,"A damaged alley with scattered objects, debris, and glowing red robotic figures in the foreground."
1,20250518131817_1,A man in a bright green hoodie talks closely to another man in a suit on a sidewalk.
1,20250529234848_1,"A jet plane flies over a city skyline, trailing fire and thick black smoke."
1,20250530005202_1,Two fighter jets are flying over mountainous terrain with a coastal view in the background.
1,20250601134109_1,A man pours liquid from a red gas can into a cup at a kitchen sink.
1,20250601134118_1,A man in a grey suit is talking to someone on a blue phone indoors.
1,20250601134137_1,A disheveled man with bruises drinks from a blue cup in a dingy kitchen.
1,20250602232247_1,A large six-barrel minigun points forward in a quiet street with power lines.
1,20250602234901_1,A man in tactical gear with a chest wound stands near an SUV in the desert.
1,20250604013730_1,Two people sit inside a stationary black helicopter on a dirt field with palm trees.
1,20250608011550_1,"A classic black car is parked near the shore, facing a distant island under blue sky."
1,20250608011750_1,"Two men push a vehicle from behind, with mountains and trees in the background."
1,20250608225923_1,"A person in casual clothing stands in an industrial area at night, with large pipes and warning signs around."
1,20250608225955_1,"A person walks down an industrial road at night, passing large tanks and pipes with warning signs."
1,20250608230806_1,"A man holding a gun stands near cars at dusk, facing a red truck and its driver."
1,20250608231234_1,A wounded man crawls on the ground beside an open red jeep at night.
1,20250608231301_1,A wounded man with blood stains painfully crawls on the road beside an open red jeep.
1,20250608231321_1,A person engulfed in flames crawls on the ground near a large orange fuel truck.
1,20250608231323_1,A person lies on the ground completely engulfed in bright orange and blue flames.
1,20250614185922_1,Wildflowers and bushes cover a hilltop overlooking a city skyline at sunrise or sunset.
1,20250614185953_1,"Tall cacti, wildflowers, and power lines frame a desert road beneath a setting sun."
1,20250614190019_1,"A person in dark clothes holds a shotgun, standing near motorcycles and an American flag."
1,20250819200057_1,Overgrown pipes and lush green vegetation cover an abandoned interior bathed in sunlight.
1,20250819200502_1,"Three cats walk through an overgrown, mossy area with large rusty pipes and dense foliage."
1,20250819203400_1,"A cat rides in a bucket suspended over a narrow alleyway, surrounded by dimly lit buildings."
1,20250819203621_1,"A cat with a device on its back stands in a dimly lit, narrow alley with neon lights."
1,20250819203720_1,Two robots stand outside a brightly lit building covered in painted murals and graffiti.
1,20250819204733_1,"Stacks of books fill wooden shelves lit by warm bulbs, with graffiti marking the walls."
1,20250819213612_1,A robot with a musical note face plays guitar beside a sleeping cat on pillows.
1,20250819225945_1,A robot with a heart icon on its screen cuddles a small orange cat on a couch.
1,20250820000851_1,A cat and a robot look over a balcony at a glowing red machine in a dilapidated courtyard.
1,20250820144115_1,A robot in a tropical shirt and hat stands on a sunlit balcony looking upward.
1,20250820144139_1,"A futuristic alleyway with neon signs and a figure in the foreground, looking upwards."
1,20250518140047_1,"A man in a light grey polo shirt stands in an industrial room, clapping his hands."
1,20250518144219_1,"An explosion rocks a coastal area, with fiery debris and red smoke in the air."
1,20250528222210_1,"Two people sit inside a police helicopter above a city at night, surrounded by lit buildings."
1,20250529235240_1,"A crashed plane with smoke and fire, a dead person lying nearby on the ground."
1,20250529235631_1,"A black car with a blood-splattered windshield, parked on a curving road."
1,20250602234547_1,Two boats speeding through a river with containers scattered on the water's edge.
1,20250602235825_1,A dark underwater scene showing large pillars supporting a structure above the water.
1,20250603002748_1,A truck drives near train tracks while an explosion occurs beside the road.
1,20250604011221_1,A topless woman in lingerie and boots stands before a seated man in a white suit on a zebra couch.
1,20250606013612_1,A man in glasses and a plaid shirt stands indoors holding a cane.
1,20250606014751_2,A tall building at night is engulfed in explosions and rising smoke.
1,20250608000645_1,A yellow bulldozer pushes through concrete rubble and debris near damaged buildings.
1,20250608000649_1,A broken wall with cracks and debris sits between two pillars under bright indoor lights.
1,20250608000659_1,"Dust and debris fill a room after an explosion, with fallen lights and scattered broken rocks."
1,20250608001135_1,A black helicopter with red graffiti hovers above a fenced construction site with exposed pipes.
1,20250608011833_1,A man in a dark jacket stands beside a black car in front of hills and power lines.
1,20250608012614_1,"The image shows a confidential client note from Dr. Isiah Friedlander, describing a patient's behavior and traits."
1,20250608231226_1,A red off-road vehicle with its lights on is parked near warehouses and industrial structures.
1,20250608231327_1,"A person is crawling while engulfed in flames, with another person recoiling in the background."
1,20250608231334_2,People duck for cover as burning cars and crates fill an area with flames and smoke.
1,20250608231456_1,"Two people stand outdoors at night, facing each other, doing a fist bump."
1,20250614185944_2,Several people interact in a dark indoor space with industrial ceiling lighting above.
1,20250614185959_1,"A person with tattoos operates heavy machinery in an industrial, blue-lit indoor space."
1,20250819195951_1,A brown tabby cat is sleeping peacefully on green grass with plants around.
1,20250819195954_1,A brown cat is sleeping on grass while a butterfly hovers above its head.
1,20250819201707_1,An orange tabby cat sits alertly in dim lighting on a blue blanket.
1,20250819201710_1,A cat is hunched in a defensive or startled posture on cobblestone ground.
1,20250819203012_1,A small robotic creature hovers inside a futuristic platform surrounded by glowing blue columns.
1,20250819203037_1,A robotic drone and a cat face each other under blue lighting on a patterned rug.
1,20250819203049_1,A cat investigates a small robotic device on a patterned rug.
1,20250819223907_1,"A cat with a small backpack stands in a dark, orange-lit room with strange round creatures."
1,20250820144029_1,"A orange cat lies on a floor beside a small, round, and futuristic device."
1,20250820144106_3,"A debris-filled alleyway is lit by sunlight, with small round creatures scattered across the ground."
1,20250820144316_1,"An orange tabby cat sits outdoors, looking up towards the bright blue sky."
1,20250518120425_1,A man in an orange prison jumpsuit faces a well-dressed man in a warehouse.
1,20250518135447_1,A shirtless man lies on the ground hooked to a monitor while another man stands above him.
1,20250518145102_1,A red and white aircraft flies low over a mountainous landscape with ocean in the background.
1,20250526235802_1,Three people wearing coveralls and white masks stand outside in a workyard in daylight.
1,20250602232250_1,Two people in tactical gear hold weapons near police cars during daylight hours.
1,20250603020254_1,A red helicopter flies over winding mountain roads at night with a city glowing in the distance.
1,20250605145944_1,A menacing zombie-like figure with decayed skin stares through a jagged hole in wood.
1,20250605152042_1,"A black sports car drives through a rainy, urban street lined with houses and parked cars."
1,20250606002131_1,"A bloodied man in a white tank top hangs upside down in a tiled, industrial room."
1,20250606003239_1,"Two men stand outside—one in a stained white tank top, the other in a red and yellow jacket."
1,20250606003241_1,"A man wears a white tank top with blood stains, standing outside near green bushes."
1,20250606020814_1,"Several armed men stand on a sidewalk, one crouching clutching an injured, bleeding leg."
1,20250606020938_1,"A massive explosion with fire and debris erupts near a building, man in suit on right."
1,20250606122729_1,A person stands watching a car engulfed in flames on a dark hillside.
1,20250607221134_1,A man in a suit stands indoors with framed photos and decorations on the wall behind him.
1,20250607224015_1,"A first-person view through a green night vision filter, holding a flashlight, with a person lying motionless on the floor in a house hallway."
1,20250608005608_1,"Three men stand outside at night on a muddy ground, one wearing a white shirt stained with blood."
1,20250608011800_1,"A car in shallow water is on fire, surrounded by rocks and a sandy shore at dusk."
1,20250608225855_1,Two men are on a metal platform at night—one is reaching up while the other helps pull him up.
1,20250608230913_1,"A person stands in front of a red truck with the door open, while another person aims a gun at them from behind."
1,20250608231339_1,"Two men confront each other outdoors at night, with fire visible behind them."
1,20250608231348_1,A man in a suit raises his arms as another man approaches outside at night.
1,20250614185928_1,Armed person in store approaches cashier and customer during an apparent robbery.
1,20250614190017_1,Man in dark suit walks down city street with tall buildings and helicopter overhead.
1,20250819195749_1,An orange cat and a black cat sit together near leafy pipes in a dim room.
1,20250819200355_1,"Orange cat and black cat explore a damp, overgrown area by mossy pipes."
1,20250819221128_1,A character in a bright robe and hat floats on a raft in a pipe-filled tunnel.
1,20250819223841_1,A black cat stands before a surreal wall with giant orange eyes and organic shapes.
1,20250819224128_1,A cat with a device walks through a wet pipe tunnel toward a robot standing in doorway light.
1,20250819224233_1,"A robot with green glowing eyes displays dialogue saying ""Was it? It was. Me. I was the scientist."""
1,20250819224416_1,Colorful Asian lanterns hang above stacked monitors displaying ornate decorations.
1,20250819235833_1,A robot with glowing blue eyes sits in a red hooded robe.
1,20250820144320_1,An orange cat sits on a mossy ledge surrounded by green plants and flowers.
1,20250518135442_1,A man with a gas mask holds a fire extinguisher beside another seated man.
1,20250518135508_1,A man in a red shirt pours water onto a bound man lying on the ground.
1,20250518140032_1,A sniper scope targets three people on a balcony; the crosshairs center on one individual.
1,20250518145248_1,"A fiery explosion bursts atop a forested hill, sending flames and smoke skyward."
1,20250523170957_1,A man sits while a topless woman stands beside him in a dimly lit.
1,20250523174936_1,A black pickup drives a rainy highway as lightning strikes above the ocean.
1,20250602232522_1,A soldier crouches firing at a fire hydrant on an urban street corner.
1,20250603002744_1,A yellow locomotive approaches on railroad tracks amid power lines and wind turbines.
1,20250603020502_1,A red and white helicopter flies above dark ocean water with an airplane visible ahead.
1,20250604011624_1,Two topless women with contrasting hair colors stand close together in a dimly lit club.
1,20250605145913_1,A man in a dark green jacket looks directly at the camera with the moon visible behind him.
1,20250606005617_1,A dark SUV sits on a street as a fiery explosion burns near buildings and palm trees.
1,20250606013546_1,A man in glasses and plaid shirt exits an office carrying a red fuel can.
1,20250606014750_1,A massive explosion engulfs the upper floors of an office building.
1,20250606014751_1,A fiery explosion erupts from the top floors of a multi-story office building.
1,20250606020747_1,Armed men surround two negotiators on a rooftop while SWAT officers aim from behind.
1,20250606020813_1,Armed agents aim at each other during a tense rooftop standoff at dusk.
1,20250606113611_1,A Mediterranean-style villa with a swimming pool surrounded by palm trees and lush landscaping.
1,20250608011703_1,A bruised man with tape over his mouth sits in a car.
1,20250608225428_1,Two men stand on a rural dirt road at night with mountains and city lights behind.
1,20250608225935_1,A man with a bloody nose talks on a phone at night.
1,20250608231221_1,A red off-road vehicle drives toward an industrial area at night with smoke rising.
1,20250614185938_1,A man in sunglasses and a pink shirt looks out at a sunset through blinds.
1,20250819200636_1,A small orange cat walks carefully along a narrow metal pipe outdoors.
1,20250819200642_1,"Three small cats, one black and two orange, curiously peer over a mossy ledge."
1,20250819200645_1,"An orange cat clings to a mossy pipe, looking down with wide eyes."
1,20250819200648_1,"A dark, foggy scene shows a mossy pipe with faint water in the background."
1,20250819201147_1,"An orange cat sits outside a shop window displaying ""FOLLOW ME"" with cat icons."
1,20250819201704_1,The image shows a dimly lit alley filled with glowing-eyed pumpkin-like figures and debris.
1,20250819203038_1,A small hovering robot labeled B12 glows beside an orange cat in darkness.
1,20250819220955_1,"Two robot figures, one with a glowing green face, talk in a dimly-lit room."
1,20250819223926_1,A small broken robot with red accents lies on a metal grate floor.
1,20250819225738_1,"A close-up of a cat hissing with mouth open, fangs bared, neon-lit."
1,20250819234405_1,A cat wearing a harness looks out through textured glass at neon-lit plants.
1,20250820144132_1,A figure in yellow clothing and a white cap with a blue visor walks among mechanical structures.
1,20250601134120_1,A man in a maroon polo stands in a kitchen holding a blue cup.
1,20250603015508_1,A large truck carries two cars on a nighttime highway curve with game interface showing money.
1,20250605143131_1,A woman climbs out of a van’s rear as a man faces her.
1,20250605144357_1,A man in a suit sits on a sofa as another man enters.
1,20250605145924_1,"A man peers into a grave, revealing a decayed corpse inside a broken coffin."
1,20250606002132_1,"Two men stand in a slaughterhouse room, facing a person hanging upside down."
1,20250606002713_1,A man in a red jumpsuit stands in an industrial facility with warning signs.
1,20250606020506_1,A nighttime office complex features a floating red and black cube sculpture surrounded by palm trees.
1,20250606020936_1,A tilted helicopter cockpit view approaches a modern campus with walkways and buildings.
1,20250607221653_1,A man in a suit stands under a jet wing inside an airport hangar.
1,20250607222745_1,A person in a suit holds a bottle out of a sunroof on a black limousine.
1,20250608011701_1,"Three men stand around a car trunk holding a bound, gagged shirtless man."
1,20250608011829_1,A bruised man in a bloodstained white shirt stares intensely outdoors at dusk.
1,20250608012927_1,A woman in leopard print stands in a kitchen as a man hugs her waist.
1,20250608012934_1,A woman with red spiky hair in a leopard print dress stands in a kitchen.
1,20250608225800_1,A man lies on a metal platform holding a pistol while another confronts him.
1,20250608230934_1,A man looks at a white car and red truck at dusk.
1,20250608231227_1,A small blue car with headlights on drifts near power lines under a night sky.
1,20250608231229_1,A blue car has collided with a red tow truck near an orange tanker.
1,20250614185958_1,"Two people sit at a table covered with blueprints, documents, and coffee cups."
1,20250614190018_1,A man in a floral shirt walks down a neon-lit city street at night.
1,20250819195744_1,An orange cat and a black cat lie together on mossy ground under leafy plants.
1,20250819200025_1,Three cats sit in a mossy stone archway with vegetation and old walls.
1,20250819200439_1,An orange cat runs through lush vegetation toward other animals in a misty forest.
1,20250819203616_1,Narrow neon-lit alley with a cat facing a humanoid figure with a screen head.
1,20250819203726_1,A cat with a device sits facing a robot in a cloak near a closed gate.
1,20250819211747_1,A metal lift platform with green lights stands beside a wall glowing with orange spores.
1,20250819212756_1,A robot with a rainbow screen face watches a monitor as a cat points.
1,20250819221154_1,"A robotic figure with a screen for a face paddles a raft in a sewer tunnel, accompanied by a cat."
1,20250819224419_1,"A robotic figure sits surrounded by old monitors displaying pixelated faces, candles, and decorations."
1,20250819225943_1,"A robot with a screen displaying a question mark lounges on a couch, wearing a cowboy hat."
1,20250819235843_1,Two humanoid robots and two drones face a cat wearing a harness.
1,20250820144124_1,A group of humanoid robots stands in sunlight outside colorful graffiti-covered walls.
1,20250518135719_1,A man in a red shirt forces a seated man’s mouth open violently.
1,20250523154532_1,Bearded man in red shirt and yellow gloves working outdoors at night with green light.
1,20250523170827_1,A topless woman in a thong stands near a bald man in a dark room.
1,20250523174943_1,Pickup truck and black car driving on a rainy coastal bridge at night.
1,20250526185549_1,Person performing motorcycle wheelie jump against clear sky with power lines and city backdrop.
1,20250526215240_1,Helicopter flying above mountains during dusk with city lights and a crescent moon.
1,20250601134713_1,Car engine engulfed in flames while person with green hair flees in distress.
1,20250602234252_1,Freight train derailed on iron bridge with containers falling and thick black smoke rising.
1,20250603005127_1,"Man on hands and knees in street, blood nearby, people watching from sidewalk."
1,20250605145508_1,Military aircraft flying over dark ocean waves under stormy cloudy night sky.
1,20250605150111_1,Two men in winter clothes aiming pistols at each other in a snowy setting.
1,20250606002006_1,Three women in athletic wear jogging together on a sunlit sidewalk outside a building.
1,20250606003358_1,Large villa-style house with lush landscaping and a person entering the front door.
1,20250606020739_1,"Man in suit pointing handgun, city skyline in background, aggressive caption displayed below."
1,20250606020753_1,"Four men with guns pointed at each other on rooftop, city skyline visible, tense standoff."
1,20250606020949_1,"Man standing on rooftop, holding a sniper rifle and raising fist against blue sky."
1,20250607224007_1,Armed man in tactical gear aiming pistol at another man lying on the ground.
1,20250608000425_1,Two women in lingerie and boots sit on stools in a dimly lit dressing room.
1,20250608011853_1,"Three men stand on cliff at sunset, orange sky reflected on water below."
1,20250608011910_1,Man in bloody white shirt stands near cliff edge at sunset with orange sky.
1,20250608225904_1,Man in black shirt holding red pole stands near large round structure under starry sky.
1,20250608225905_1,Man in dark jacket lies on ground with blood pooling behind his head.
1,20250608225938_1,Man in black shirt holding phone to ear stands outside industrial facility at night.
1,20250608230918_1,"Man in dark shirt aiming a handgun forward, with wrecked bus in background at dusk."
1,20250608231306_1,"A close-up of a man with short hair, wearing a black shirt in a dimly lit warehouse setting."
1,20250608231330_1,"Person engulfed in large flames on ground at night, another figure stands further back."
1,20250614185952_1,"Women in underwear, masks, and hairnets prepare powder and baking soda in lab under bright lights."
1,20250819195810_1,"Three cats stand on green moss and foliage near an edge, with misty blue background."
1,20250819195945_1,A cat lies asleep on the green ground with soft light highlighting its fur.
1,20250819195958_1,A cat sleeps on the grass while a yellow butterfly lands on its back.
1,20250819200637_1,A cat is falling down in a bright outdoor area next to a wall and spikes.
1,20250819200756_1,Dark underground tunnel with bright blue lights illuminating circular mechanical structures and metal pipes.
1,20250819203052_1,A cat is reaching out toward a small robot lying on a patterned rug.
1,20250819223909_1,Several glowing-eyed creatures approach while a cat observes from the side of a metal walkway.
1,20250819225935_1,A cat stands on a reclining robot with a cowboy hat in a cozy room.
1,20250518130027_1,"A person with a camera leans out of a dumpster, reaching toward someone in green."
1,20250523182453_1,"A dirty person in a muddy jumpsuit stands indoors, leaving brown footprints on the carpet."
1,20250602232609_1,"An armored figure stands in a dusty, open area with military obstacles and a setting sun."
1,20250602234903_1,A man in a red shirt stands on a sandy beach beside a rusty car.
1,20250606013551_1,"Two men carry red gas cans inside a dimly lit, cluttered building with peeling walls."
1,20250606014056_1,"A man in a dark jumpsuit stands alone in a small, dimly lit elevator."
1,20250606021556_1,A man in a sleeveless “Del Perro Pier” shirt stands outside beside graffiti wall.
1,20250606114419_1,A man in a suit gives a shirtless person a tattoo on their chest indoors.
1,20250606114425_1,A shirtless man shows off a fresh tattoo while another man stands nearby watching.
1,20250607221037_1,Large tan buildings with palm trees and a sign reading “Richards Majestic” at dusk.
1,20250607222752_1,Cars wait at a night-time intersection with a black limousine in the foreground.
1,20250607224128_1,A man in a blue shirt talks on a phone at an amusement park pier.
1,20250608011134_1,A shirtless man hides in a large black box while another man looks inside.
1,20250608011819_1,Three men stand on a rocky shore watching a calm ocean at sunset.
1,20250608012746_1,A woman with red hair stands inside a cluttered room lit by sunlight through a window.
1,20250608020734_1,A man in a suit stands near a movie poster and champagne bottles in a hallway.
1,20250608225651_1,A man climbs a tall metal ladder next to a large rusty tank at night.
1,20250608225900_1,Two men struggle on a metal catwalk at night surrounded by blue smoke and tanks.
1,20250608231333_1,Two men run away as a huge fireball explosion erupts at night.
1,20250614190015_1,Three armed people walk away from explosions and a crashing jet in a city street.
1,20250819195713_1,Four cats sit in a lush green tunnel with pipes and misty blue light ahead.
1,20250819195752_1,An orange and a black cat sit together on moss near a brown cloth in greenery.
1,20250819195856_1,A black cat stands among leaves in the rain while a pink moon rises above.
1,20250819200433_1,"A small, reddish animal looks at a waterfall cascading down a concrete structure overgrown with vines."
1,20250819200626_1,"A cat stands on a railing, gazing at a waterfall in a green cavern."
1,20250819201624_1,An orange cat sits beside the broken arm of an old robot on a green floor.
1,20250819203518_1,A cat sits inside a bucket suspended by a cable above glowing red fungus.
1,20250819203717_1,"A cat observes two robots outside a brightly lit, graffiti-covered building entrance at night."
1,20250819204059_1,A cat sleeps on a pillow near a robot playing guitar in a cozy room.
1,20250820144109_1,An empty alley with broken car and glowing red-eyed creatures lit by bright sunlight ahead.
1,20250820144329_1,"An orange cat stands atop mossy stone stairs lit by sunlight, surrounded by greenery."
1,20250518134326_1,A shirtless man with clips on his chest sits as another person prepares to spark them.
1,20250518135342_1,"A man aims a rifle while lying on a hill, observing buildings by the ocean."
1,20250518135714_1,A man pulls another man's tooth while he sits restrained with medical pads on chest.
1,20250518135800_1,"A shirtless man, restrained and slumped in a chair, has a syringe in his leg."
1,20250518135817_1,"A shirtless, restrained man with medical pads on chest sits in a dimly lit room."
1,20250518135936_1,"A serious man leans over an injured, shirtless man with blood on his mouth."
1,20250518140529_1,A red pickup truck and a blue Dashound bus stop on a sunlit city street.
1,20250528221238_1,"A surveillance camera view shows a dark lot, targeting a car labeled Franklin Clinton."
1,20250603010802_1,A webpage displays a questionnaire with a selected false answer and a visible URL.
1,20250603020231_1,A helicopter flies through a starry night sky surrounded by dark clouds.
1,20250603023111_1,A black sports car with green underglow is parked beneath an overpass.
1,20250605145440_1,"A small airplane flies at night, silhouetted against cloudy sky above dark mountains."
1,20250605145802_1,A person in a hooded jacket digs with a pickaxe at a snowy grave labeled Michael Townley.
1,20250606020715_1,A man in a suit points a pistol with a city skyline behind him.
1,20250606021503_1,A man in sunglasses and a tank top gestures animatedly toward another man in a suit.
1,20250606021749_1,A black sports car waits at a rainy intersection with a red light and wet roads.
1,20250607225207_1,"A wall is covered with maps, photos, crew files, and a crime planning checklist."
1,20250607232714_1,A sleek black sports car with red underglow is parked outside an auto repair shop.
1,20250608000642_1,"A large yellow tunnel boring machine drills into rock, sending dust and debris flying."
1,20250608011710_1,"Three men look down at the camera, one with a bloodstained white shirt and bruises."
1,20250608011830_1,"A man in a dark jacket stands outside at dusk, mountains and trees in the background."
1,20250608225743_1,"A man in a dark jacket fires a gun at night, sparks fly toward targets."
1,20250614185937_1,"Four classic cars in a showroom with marble walls, one is red and cream."
1,20250614185942_1,"A nightclub with neon dancers, sign reading GEFANGNI, and people watching from below."
1,20250819200306_1,"An orange tabby cat and a white cat stand in a lush, overgrown ruin with water."
1,20250819200638_1,A blurry orange cat jumps down a wall surrounded by greenery and moss.
1,20250819200639_1,"An orange cat sprints quickly down a sloped, overgrown concrete wall covered with plants."
1,20250819200640_1,"An orange cat slides awkwardly down a steep, mossy wall covered with plants and vines."
1,20250819200643_1,"Three cats, a black, a gray, and an orange tabby, stand alert on a leafy ledge."
1,20250819203713_1,An orange cat with a vest stares at a slumped robot on stairs near graffiti.
1,20250819203737_1,"An orange cat with a dark collar sits alone on a cracked street, looking forward."
1,20250819220958_1,"Two robots with lit faces stand in a dim alley, one with cables, one holding a staff."
1,20250819223923_1,A small floating robot with glowing green eyes and antennas hovers in pink light.
1,20250518120903_1,A gloved figure holds a pistol to a man's head in front of a window at sunset.
1,20250526183728_1,A small yellow submersible is suspended over the water by a crane at a port.
1,20250529234849_1,"A jet flies over a city with one engine on fire, trailing black smoke."
1,20250530014416_1,"Two men stand by a dirt road with hills behind, one in a cap and vest."
1,20250601134704_1,"An overturned SUV is on fire at night, flames coming from underneath on a dirt road."
1,20250602232239_1,"Two armored figures observe a police car in the distance, one is holding a large bag."
1,20250602234922_1,"Two men stand on a sandy area, one holding a black briefcase aggressively."
1,20250605144429_1,"Two men sit on a sofa indoors, one in a suit and one in a tank top."
1,20250605145727_1,"A snow-covered gravestone at night reads ""Michael Townley, husband, father, friend, 1965-2004""."
1,20250605150029_1,Two men point guns at each other across a snowy grave at night outdoors.
1,20250606002133_1,A man hangs upside down under a spotlight while two masked figures stand beneath him.
1,20250606005519_1,"Two men hurry beside an RV at sunrise, a car and water tower in background."
1,20250606015424_1,"A tall, metallic, dimly-lit elevator shaft extends upward to a faint light at the top."
1,20250607221049_1,"Three people in business attire have a meeting inside a dimly lit, wood-paneled office."
1,20250607224025_1,A soldier in camo restrains a man on the floor while two women look shocked nearby.
1,20250608001145_1,A masked person in dark clothing grips a metal pole in a dimly lit industrial setting
1,20250608225616_1,"A man is aiming a gun from a walkway, targeting a figure below in a dark industrial setting."
1,20250608225949_1,A man in a dark sweatshirt walks on an empty street talking on a cellphone.
1,20250608230904_1,"A man stands outside at dusk pointing a handgun, with an abandoned bus behind."
1,20250608230907_1,A man in a black shirt aims a handgun with a tense expression outdoors.
1,20250614185936_1,A tall skyscraper surrounded by other modern buildings under a bright blue sky.
1,20250614185941_1,A lively street at night with colorful neon lights and people outside a building.
1,20250614190011_2,A small armored tank is parked on a city street near several cars.
1,20250819195825_1,Two small cats sit together on a mossy ledge beside large rusty pipes.
1,20250819200634_1,An orange cat leaps between two rusty pipes surrounded by green foliage.
1,20250819201628_1,An orange cat sniffs a fallen robot lying on a dirty floor.
1,20250819203403_1,An orange cat rides in a hanging bucket through a dim alleyway.
1,20250819211436_1,A cat stands in a glowing red cave filled with pulsating orbs.
1,20250819223903_1,"A large glowing red eye dominates the scene, with a small robot flying nearby in a surreal, organic environment."
1,20250820144108_1,"A narrow, damaged alley with scattered debris, a small robot, and urban destruction."
1,20250820144113_1,A small robot with a large golden head stands on a balcony in bright sunlight.
1,20250518135501_1,A man in a red shirt is holding a jerrycan above a tied-up person.
1,20250518140026_1,A sniper scope targets a man in a red shirt on a balcony with others nearby.
1,20250518145132_1,An explosion on a cliffside near a small wooden house with a dock.
1,20250529234846_1,A jet airplane labeled AIR EMU has an engine explosion with fire and black smoke.
1,20250530003915_1,"A yellow biplane is flying at night, stars visible above and mountains below."
1,20250602232816_1,A camouflage armored vehicle sits in a busy salvage yard with machinery and industrial buildings.
1,20250606002016_1,Three women jog on the sidewalk while a man stands across the street watching.
1,20250606010453_1,"A person lies injured in the road at night, with a car and motorcycle nearby."
1,20250606014747_1,"Two tall office buildings at night, with explosions and fire at the top floors."
1,20250607224109_1,"A large amusement pier with roller coaster tracks, Ferris wheel, and the DEL PERRO PIER sign."
1,20250607232732_1,A black sports car with red underglow is parked outside an auto repair garage.
1,20250608010600_1,"A man holds a video camera inside a cabin, with another person lying on the floor."
1,20250608011717_1,"A shirtless man with gray hair lies down, bleeding from the neck."
1,20250608225741_1,A man in a black jacket points a handgun at another man at night.
1,20250614190008_2,A werewolf in a red jacket poses in front of large illuminated sign at night.
1,20250819195746_1,A brown cat and black cat lie together on mossy ground surrounded by greenery.
1,20250819195956_1,A brown cat sleeps on the grass while a yellow butterfly rests on its head.
1,20250819200011_1,"Three cats are positioned in an overgrown, abandoned area; two are in shadow, one distant."
1,20250819200017_1,"Two cats play and stretch in shadow, a third cat sits far off in light."
1,20250819200443_1,"A brown cat and black cat stand in an abandoned, overgrown structure filled with greenery."
1,20250819200646_1,"A brown cat with green eyes hangs desperately from a pipe, eyes wide with fear."
1,20250819200655_1,"A brown cat is lying injured and alone in a dark, debris-strewn environment."
1,20250819201040_1,A brown cat walks down a dark alley toward a glowing orange neon sign.
1,20250819203032_1,A small hovering robot with blue lights floats above illuminated floor markings in darkness.
1,20250819203921_1,A weathered building glows with an orange neon sign at night under greenish mist.
1,20250819204116_1,A robot with a TV for a head plays guitar beside a sleeping cat on cushions.
1,20250819205415_1,A cat wearing a small backpack looks through a window at a robot tending plants.
1,20250819205435_1,"A cat with a backpack enters a cozy room, facing a gardening robot in a hat."
1,20250819221001_1,"Two robots embrace warmly, one displays a heart on its screen, in a dark alley."
1,20250820144301_1,A brown cat walks up sunlit overgrown steps as two white birds fly ahead.
1,20250518120826_1,A woman in a blazer and a man in dark shirt lean over a patient together.
1,20250518120852_1,Several people in an office lean over a table during a tense discussion.
1,20250518121406_1,"Two men stand outdoors at sunset, one in casual clothes and one in gear."
1,20250518134325_1,A man in a red shirt holds electric clips near a restrained man.
1,20250518151435_1,A woman in a sleeveless Bishop's shirt talks to a man beside a laptop outside.
1,20250523182434_1,A black-and-white portrait of a woman with glasses in a cracked photo frame.
1,20250530005058_1,A passenger jet flies in the sky while a military jet is closer above a city.
1,20250603015316_1,"A pickup truck drives along a winding road at night under a half-moon, city lights visible."
1,20250605145733_1,A man in a black jacket and jeans holds a shovel while walking through a snowy graveyard.
1,20250606013558_1,"Two men pour gasoline from cans onto the floor of a dimly lit, messy room."
1,20250606020707_1,"Three men with guns confront each other outside at night, another man observes the scene."
1,20250606020810_1,A black helicopter hovers outside a building at night as armed guards and men gather below.
1,20250606113613_1,A large house with ivy-covered walls and lit windows sits next to a pool at night.
1,20250607232918_1,"A black sports car is parked in a lot at sunset, city streets and buildings visible."
1,20250608000416_1,"A neon-lit sign for ""Vanilla Unicorn Gentleman's Club"" is displayed on a dark building exterior."
1,20250608010422_1,A man in a dark polo shirt stands on a balcony at night overlooking city lights.
1,20250608012752_1,A man in a dirty white t-shirt stands in a cluttered room with open closet.
1,20250608225615_1,"A man stands on a metal platform at night, gripping the railing, in a construction site."
1,20250608231253_1,"A man is crawling on the ground by a red jeep, with a large orange tanker behind."
1,20250608231332_1,"A person in a suit flees from an explosion and fire, as another lies on the ground."
1,20250614190005_1,A small plane flies close to the water under a city bridge in a concrete channel.
1,20250819195643_1,"Rain falls over an overgrown concrete courtyard with vines and a cloudy, moonlit sky above."
1,20250819195820_1,"Two cats are play-fighting on wet concrete while it rains, plants and moss nearby."
1,20250819200845_1,"A large round metal door in a dimly lit tunnel, surrounded by debris, pipes, and garbage bags."
1,20250819205421_1,"A robot with a monitor head, wearing a straw hat and floral jacket, stands by a computer."
1,20250819225734_1,"A small orange cat with a device on its back walks down a cozy, plant-filled hallway."
1,20250819225742_1,A robot with a glowing face and hat stands near a cat wearing a small backpack.
1,20250819235904_1,"A small cat is trapped in a cage suspended by chains in a dark, green-lit room."
1,20250820144106_1,"A narrow alleyway with scattered junk is lit by sunlight, small red drones move along the ground."
1,20250820144110_1,"A sunlit alleyway with scattered debris, a small vehicle, and no people in sight."
1,20250518140124_1,"Two men exit a metal building by graffiti and a ""Caution Slippery Surface"" sign, outside stairs."
1,20250518145714_1,A large explosion engulfs a small boathouse and pier by a coastline at dusk.
1,20250526183724_1,A small yellow submersible is being lowered into rough sea water near a metal dock.
1,20250601134708_1,A black SUV with its hood on fire is stopped on a dirt road in the forest.
1,20250602234257_1,A person is swimming in a calm lake surrounded by rocky cliffs and green bushes.
1,20250602234259_1,A person swims in a lake as a huge splash and debris erupt from the shore.
1,20250605143838_1,"A man stands on the street with a burning car, firefighters, and a fallen person nearby."
1,20250605151921_1,"A black sports car drives down a multi-lane highway surrounded by hills, other vehicles ahead."
1,20250608011752_1,A black car is parked on rocky terrain with three people and a green motorcycle nearby.
1,20250614185929_1,"A red muscle car drifts at an intersection, leaving tire smoke near a ""Deep Beer"" sign."
1,20250819195755_1,A black cat and an orange cat interact on mossy ground beside pipes and leafy vines.
1,20250819195806_1,"Two cats play on mossy concrete near a large rusty pipe, while another cat walks away."
1,20250819200035_1,"Vines and moss cover concrete walls and pipes under blue sky, with an orange cat climbing."
1,20250819200049_1,"A lush overgrown concrete shaft with thick vines, pipes, and sunlight shining from above."
1,20250819200543_1,Three cats walk along a mossy path surrounded by lush green plants and flowers.
1,20250819202817_1,"A cat sits on top of a bookshelf in a dimly lit, cluttered room with electronics."
1,20250819204724_1,"An orange cat sleeps on a shelf filled with books, pillows, and various objects."
1,20250819225948_1,"A person sits in a reclining chair using a laptop, with a robot displaying a heart nearby."
1,20250819230014_1,"A robot with a heart on its screen sits at a café table, cat nearby."